Book Id,Title,Author,Author l-f,Additional Authors,ISBN,ISBN13,My Rating,Average Rating,Publisher,Binding,Number of Pages,Year Published,Original Publication Year,Date Read,Date Added,Bookshelves,Bookshelves with positions,Exclusive Shelf,My Review,Spoiler,Private Notes,Read Count,Owned Copies
220175452,"Stupid TV, Be More Funny: How the Golden Era of The Simpsons Changed Television—and America—Forever",Alan Siegel,"Siegel, Alan",,1538742845,9781538742846,0,4.08,Grand Central Publishing,Hardcover,304,2025,,,2025/12/14,to-read,to-read (#51),to-read,,,,0,0
106835,The Intelligent Investor,Benjamin Graham,"Graham, Benjamin","Jason Zweig, Warren Buffett",60555661,9780060555665,0,4.24,Harper Business,Paperback,623,2006,1949,,2025/12/13,currently-reading,currently-reading (#3),currently-reading,,,,1,0
220161058,Apple in China: The Capture of the World's Greatest Company,Patrick  McGee,"McGee, Patrick",,1668053373,9781668053379,5,4.51,Scribner,Hardcover,448,2025,2025,2025/10/24,2025/06/16,,,read,,,,1,0
122932188,"Government Gangsters: The Deep State, the Truth, and the Battle for Our Democracy",Kash Patel,"Patel, Kash",,9781637588246,9781637588246,2,4.47,Post Hill Press,Kindle Edition,320,2023,,,2025/06/16,,,read,,,,1,0
63251764,Wasteland: The Secret World of Waste and the Urgent Search for a Cleaner Future,Oliver Franklin-Wallis,"Franklin-Wallis, Oliver",,306827115,9780306827112,5,4.45,Grand Central Publishing,Hardcover,392,2023,2023,2025/03/02,2025/01/18,,,read,,,,1,0
60784614,Cobalt Red: How the Blood of the Congo Powers Our Lives,Siddharth Kara,"Kara, Siddharth",,1250284309,9781250284303,0,4.36,St. Martin's Press,Hardcover,288,2023,2023,,2025/01/18,to-read,to-read (#50),to-read,,,,0,0
188543465,The Trading Game: A Confession,Gary  Stevenson,"Stevenson, Gary",,593727215,9780593727218,0,4.14,Crown Currency,Hardcover,352,2024,2024,,2025/01/18,to-read,to-read (#49),to-read,,,,0,0
204927599,Nexus: A Brief History of Information Networks from the Stone Age to AI,Yuval Noah Harari,"Harari, Yuval Noah",,059373422X,9780593734223,4,4.16,Random House,Hardcover,528,2024,2024,,2025/01/18,,,read,,,,1,0
61327449,"How Big Things Get Done: The Surprising Factors That Determine the Fate of Every Project, from Home Renovations to Space Exploration and Everything In Between",Bent Flyvbjerg,"Flyvbjerg, Bent",Dan Gardner,593239512,9780593239513,0,4.28,Crown Currency,Hardcover,304,2023,2023,,2025/01/18,to-read,to-read (#48),to-read,,,,0,0
3828902,Thinking In Systems: A Primer,Donella H. Meadows,"Meadows, Donella H.",Diana Wright,1603580557,9781603580557,0,4.19,Chelsea Green Publishing,Paperback,218,2008,2008,,2025/01/12,to-read,to-read (#47),to-read,,,,0,0
57933306,Stolen Focus: Why You Can't Pay Attention— and How to Think Deeply Again,Johann Hari,"Hari, Johann",,593138511,9780593138519,0,4.22,Crown,Hardcover,357,2022,2022,,2025/01/04,to-read,to-read (#46),to-read,,,,0,0
58784475,"Tomorrow, and Tomorrow, and Tomorrow",Gabrielle Zevin,"Zevin, Gabrielle",,735243344,9780735243347,0,4.12,Knopf,Hardcover,416,2022,2022,,2024/12/30,to-read,to-read (#45),to-read,,,,0,0
55145261,The Anthropocene Reviewed: Essays on a Human-Centered Planet,John Green,"Green, John",,525555218,9780525555216,4,4.35,Dutton,Hardcover,304,2021,2021,2022/02/26,2021/07/06,,,read,,,,1,0
125937631,Material World: The Six Raw Materials That Shape Modern Civilization,Ed Conway,"Conway, Ed",Edmund Conway,593534344,9780593534342,5,4.51,Knopf,Hardcover,512,2023,2023,2024/06/15,2024/05/29,,,read,,,,1,0
63079845,Never Finished: Unshackle Your Mind and Win the War Within,David Goggins,"Goggins, David",,154453406X,9781544534060,0,4.4,Lioncrest Publishing,Kindle Edition,312,2022,2022,,2024/04/26,,,read,,,,1,0
7170627,The Emperor of All Maladies: A Biography of Cancer,Siddhartha Mukherjee,"Mukherjee, Siddhartha",,9780007250912,9780007250912,0,4.34,Scribner,Hardcover,472,2010,2010,2024/05/28,2016/12/06,,,read,,,,1,0
55591201,Mixed Plate: Chronicles of an All-American Combo – A Hilarious Stand-Up Comedian Memoir of Filipino Heritage and Perseverance,Jo Koy,"Koy, Jo",,62969986,9780062969989,4,4.22,Dey Street Books,Kindle Edition,318,2021,2021,2024/03/01,2024/02/24,,,read,,,,1,0
57697120,"The Mental Game of Trading: A System for Solving Problems with Greed, Fear, Anger, Confidence, and Discipline",Jared Tendler,"Tendler, Jared",,1734030925,9781734030921,3,4.25,JT Press,Kindle Edition,326,2021,,,2024/02/21,,,read,,,,2,0
122765395,Elon Musk,Walter Isaacson,"Isaacson, Walter",,1982181281,9781982181284,5,4.33,Simon & Schuster,Hardcover,688,2023,2023,2024/02/02,2024/01/13,,,read,"Not a big fan of Elon, but Isaacson did an incredible job with this book. ",,,1,0
138505710,Doppelganger: A Trip into the Mirror World,Naomi Klein,"Klein, Naomi",,374610320,9780374610326,0,4.2,"Farrar, Straus and Giroux",Hardcover,416,2023,2023,,2023/09/16,currently-reading,currently-reading (#2),currently-reading,,,,1,0
60321447,Chip War: The Fight for the World's Most Critical Technology,Chris   Miller,"Miller, Chris",,1982172002,9781982172008,4,4.41,Scribner,Hardcover,431,2022,2022,,2023/06/24,,,read,,,,1,0
63063173,Scaling People: Tactics for Management and Company Building,Claire Hughes Johnson,"Johnson, Claire Hughes",,1953953212,9781953953216,4,4.25,Stripe Press,Hardcover,480,2023,,2023/07/22,2023/06/24,,,read,,,,1,0
25189315,Smoke Gets in Your Eyes & Other Lessons from the Crematory,Caitlin Doughty,"Doughty, Caitlin",,393351904,9780393351903,0,4.22,W. W. Norton & Company,Paperback,254,2015,2014,,2023/06/05,to-read,to-read (#44),to-read,,,,0,0
10910164,"Mud, Sweat and Tears",Bear Grylls,"Grylls, Bear",,190502648X,9781905026487,0,4.16,Transworld Publishers Ltd,Hardcover,352,2011,2011,2022/10/01,2022/09/26,,,read,,,,1,0
61918539,Soul Boom: Why We Need a Spiritual Revolution,Rainn Wilson,"Wilson, Rainn",,306828278,9780306828270,5,3.81,Grand Central Publishing,Hardcover,304,2023,2023,2023/06/03,2023/05/19,,,read,,,,1,0
59696349,Build: An Unorthodox Guide to Making Things Worth Making,Tony Fadell,"Fadell, Tony",,1787634116,9781787634114,4,4.31,Bantam Press,Paperback,416,2022,,2023/03/27,2023/02/14,,,read,,,,1,0
51700301,The Office: The Untold Story of the Greatest Sitcom of the 2000s: An Oral History,Andy Greene,"Greene, Andy",,1524744972,9781524744977,3,4.14,Dutton Books,Hardcover,464,2020,2020,2023/03/12,2023/02/20,,,read,,,,1,0
42505349,Dapper Dan: Made in Harlem,Daniel R. Day,"Day, Daniel R.",Mikael Awake,525510516,9780525510512,4,4.4,Random House,Hardcover,304,2019,2019,2023/02/20,2022/11/22,,,read,,,,1,0
61273821,Straight Shooter: A Memoir of Second Chances and First Takes,Stephen A. Smith,"Smith, Stephen A.",,1982189495,9781982189495,4,4.13,Gallery/13A,Hardcover,288,2023,2023,2023/02/14,2023/02/13,,,read,,,,1,0
59575954,"Build for Tomorrow: An Action Plan for Embracing Change, Adapting Fast, and Future-Proofing Your Career",Jason  Feifer,"Feifer, Jason",,059323538X,9780593235386,0,3.93,Harmony,Hardcover,272,2022,,,2023/01/23,to-read,to-read (#43),to-read,,,,0,0
43382084,Creativity Code,Marcus du Sautoy,"Sautoy, Marcus du",,8288151,9780008288150,3,3.95,4th Estate,Hardcover,336,2019,2019,2022/09/26,2022/09/05,,,read,This book could've been a tweet thread. Would not recommend unless you absolutely love the cross between art and AI,,,1,0
54968118,"The Code Breaker: Jennifer Doudna, Gene Editing, and the Future of the Human Race",Walter Isaacson,"Isaacson, Walter",,1982115858,9781982115852,4,4.28,Simon & Schuster,Hardcover,536,2021,2021,2022/08/24,2021/05/03,,,read,,,,1,0
51152447,Caste: The Origins of Our Discontents,Isabel Wilkerson,"Wilkerson, Isabel",,593230256,9780593230251,5,4.52,Random House,Hardcover,544,2020,2020,2022/07/25,2022/03/27,,,read,"I was skeptical about the book, and have seen the huge # of Race related books on the market in the past few years thought this would be another one. <br/><br/>The author does an amazing job explaining how US society is not 'race' impacted but 'Caste' impacted, with the comparisons to Nazi Germany and India are spot on across every segment of their society. This book should be mandatory reading in the US, the same way WWII is mandatory in Germany.",,,1,0
58636930,Tough: My Journey to True Power,Terry Crews,"Crews, Terry",,593329805,9780593329801,4,4.28,Portfolio,Hardcover,288,2022,2022,2022/08/12,2022/05/18,,,read,,,,1,0
52038578,Blood and Oil: Mohammed bin Salman's Ruthless Quest for Global Power,Bradley Hope,"Hope, Bradley",Justin Scheck,306846667,9780306846663,5,4.25,Grand Central Publishing,Hardcover,368,2020,2020,2022/07/20,2022/02/05,,,read,,,,1,0
38820046,21 Lessons for the 21st Century,Yuval Noah Harari,"Harari, Yuval Noah",,525512179,9780525512172,4,4.15,Random House,Hardcover,372,2018,2018,2022/07/15,2019/04/23,,,read,,,,1,0
58484901,How to Be Perfect: The Correct Answer to Every Moral Question,Michael Schur,"Schur, Michael",,1982159316,9781982159313,0,4.14,Simon & Schuster,Hardcover,304,2022,2022,,2022/06/24,to-read,to-read (#42),to-read,,,,0,0
56898257,You Can’t Be Serious,Kal Penn,"Penn, Kal",,1982171383,9781982171384,5,4.21,Gallery Books,Hardcover,368,2021,2021,2022/06/23,2022/05/30,,,read,,,,1,0
50489373,Sid Meier's Memoir!: A Life in Computer Games,Sid Meier,"Meier, Sid",,1324005874,9781324005872,4,4.18,W. W. Norton & Company,Hardcover,286,2020,2020,,2022/06/01,,,read,,,,1,0
35074096,"Mythos: The Greek Myths Retold (Stephen Fry's Great Mythology, #1)",Stephen Fry,"Fry, Stephen",,718188721,9780718188726,4,4.26,Michael Joseph,Hardcover,416,2017,2017,2022/06/12,2022/05/31,,,read,Interesting read. Stephen Fry does a great job with the audio book. Would recommend only if someone has interest already in ancient history or mythology.,,,1,0
21856367,"The Innovators: How a Group of Hackers, Geniuses and Geeks Created the Digital Revolution",Walter Isaacson,"Isaacson, Walter",,147670869X,9781476708690,3,4.12,Simon and Schuster,Hardcover,542,2014,2011,2022/05/26,2022/05/22,,,read,,,,1,0
49784984,Moneyland: Why Thieves and Crooks Now Rule the World and How To Take It Back,Oliver Bullough,"Bullough, Oliver",,1250225205,9781250225207,5,4.18,Macmillan Audio,Audiobook,,2019,2018,2022/05/22,2019/05/03,,,read,"Entertaining, insightful and engaging. ",,,1,0
37570546,"Maybe You Should Talk to Someone: A Therapist, Her Therapist, and Our Lives Revealed",Lori Gottlieb,"Gottlieb, Lori",,1328662055,9781328662057,4,4.37,Harper,Hardcover,415,2019,2019,2022/05/19,2022/05/06,,,read,"Refreshing and honest look into the work of Therapy. A variety of personal stories, and does a great job to normalize it.",,,1,0
31670196,"Scale: The Universal Laws of Growth, Innovation, Sustainability, and the Pace of Life in Organisms, Cities, Economies, and Companies",Geoffrey B. West,"West, Geoffrey B.",,1594205582,9781594205583,3,4.11,Penguin Press,Hardcover,481,2017,2017,2022/05/06,2020/06/27,,,read,,,,1,0
40121378,Atomic Habits: An Easy & Proven Way to Build Good Habits & Break Bad Ones,James Clear,"Clear, James",,9780735211292,9780735211292,4,4.32,Avery,Kindle Edition,319,2018,2018,2022/03/29,2022/03/20,,,read,,,,1,0
57356067,"The Cryptopians: Idealism, Greed, Lies, and the Making of the First Big Cryptocurrency Craze",Laura Shin,"Shin, Laura",,1541763017,9781541763012,4,3.69,PublicAffairs,Hardcover,496,2022,,2022/03/20,2022/02/22,,,read,,,,1,0
58375739,Will,Will  Smith,"Smith, Will",Mark Manson,1984877925,9781984877925,5,4.25,Penguin Press,Hardcover,418,2021,2021,2022/03/06,2021/11/13,,,read,,,,1,0
43868109,Empire of Pain: The Secret History of the Sackler Dynasty,Patrick Radden Keefe,"Keefe, Patrick Radden",,385545681,9780385545686,5,4.54,Doubleday,Hardcover,535,2021,2021,2022/02/10,2021/09/26,,,read,"Didn't know much about the Opioid crisis, but this book is an incredibly detailed look into the family pulling the strings. Having seen their names in museums, the book adds context as to how the family has so much money. ",,,1,0
56790170,The Premonition: A Pandemic Story,Michael   Lewis,"Lewis, Michael",,393881555,9780393881554,3,4.33,W. W. Norton & Company,Hardcover,304,2021,2021,2021/12/18,2021/07/06,,,read,,,,1,0
55051662,"Genius Makers: The Mavericks Who Brought AI to Google, Facebook, and the World",Cade Metz,"Metz, Cade",,1524742678,9781524742676,4,4.27,Dutton,Hardcover,384,2021,2021,2021/11/11,2021/10/01,,,read,Interesting back story inside the world of AI research.,,,1,0
54998264,"The Cult of We: WeWork, Adam Neumann, and the Great Startup Delusion",Eliot Brown,"Brown, Eliot",Maureen Farrell,593237110,9780593237113,5,4.27,Crown,Hardcover,464,2021,2021,2021/10/17,2021/10/01,,,read,,,,1,0
52199304,"The World for Sale: Money, Power and the Traders Who Barter the Earth’s Resources",Javier Blas,"Blas, Javier",Jack Farchy,1847942660,9781847942661,5,4.33,Random House Business,Paperback,410,2020,2021,2021/10/02,2021/08/29,,,read,"The premise may seem boring, but this book brings to late the crazy power and influence commodity traders have in development + developing world. Would recommend as an entertaining ‘non-tech’ industry bio.",,,1,0
49099937,No Rules Rules: Netflix and the Culture of Reinvention,Reed Hastings,"Hastings, Reed",Erin Meyer,593152387,9780593152386,4,4.27,Random House Large Print,Paperback,464,2020,2020,2021/08/29,2021/07/07,,,read,,,,1,0
54304052,How to Change Everything: The Young Human's Guide to Protecting the Planet and Each Other,Naomi Klein,"Klein, Naomi",Rebecca Stefoff,1534474528,9781534474529,0,3.89,Atheneum Books for Young Readers,Hardcover,336,2021,2021,,2021/07/28,to-read,to-read (#41),to-read,,,,0,0
51022071,"Catch and Kill: Lies, Spies, and a Conspiracy to Protect Predators",Ronan Farrow,"Farrow, Ronan",,316454133,9780316454131,4,4.4,"Little, Brown and Company",Hardcover,608,2019,2019,2021/07/15,2021/07/13,,,read,,,,1,0
44678031,Yearbook,Seth Rogen,"Rogen, Seth",,1984825402,9781984825407,5,4.15,Crown,Hardcover,260,2021,2021,2021/07/12,2021/07/05,,,read,The audiobook is read by him with cameos by all the other famous folks. Very funny (nsfw) book.,,,1,0
56695159,Amazon Unbound: Jeff Bezos and the Invention of a Global Empire,Brad Stone,"Stone, Brad",,1982132612,9781982132613,4,4.07,Simon & Schuster,Hardcover,496,2021,2021,2021/07/07,2021/06/18,,,read,,,,1,0
13132620,American Icon: Alan Mulally and the Fight to Save Ford Motor Company,Bryce G. Hoffman,"Hoffman, Bryce G.",,307886050,9780307886057,5,4.42,Crown Business,Hardcover,432,2012,2012,2021/06/18,2016/10/28,,,read,"I'm not a big fan of the auto industry, but this was genuinely a fascinating insight into the company. Different to insights into startups or tech companies, it was a unique perspective on a brand I had no opinion on or interest in. <br/><br/>Would recommend for anyone who likes company bio's.",,,1,0
74915,The Wal-Mart Effect: How the World's Most Powerful Company Really Works - and How It's Transforming the American Economy,Charles Fishman,"Fishman, Charles",,143038788,9780143038788,4,3.84,Penguin Books,Paperback,352,2006,2006,,2021/06/06,,,read,,,,1,0
43889703,The Man Who Solved the Market: How Jim Simons Launched the Quant Revolution,Gregory Zuckerman,"Zuckerman, Gregory",,241309727,9780241309728,4,4.05,Portfolio Penguin,Paperback,359,2019,2019,2021/05/31,2019/11/11,,,read,Engaging read. I didn't realize Mercer from Rentec was behind Breitbart and Brexit. Interesting to hear about the background and ripple effects of the crazy amount of money they made.,,,1,0
43261127,Tiny Habits: The Small Changes That Change Everything,B.J.  Fogg,"Fogg, B.J.",,358003326,9780358003328,4,4.14,Harvest,Hardcover,320,2020,2019,2021/05/03,2021/03/29,,,read,"I normally don't like the ""self help"" category, as they're just one idea rehashed a bunch of times that aren't practical. This was surprisingly good for the genre, where the author recommends super simple steps to make permanent change. Could have been a tad shorter. Would recommend for everyone to read.",,,1,0
52275335,How to Avoid a Climate Disaster: The Solutions We Have and the Breakthroughs We Need,Bill  Gates,"Gates, Bill",,241448301,9780241448304,5,4.12,Allen Lane,Hardcover,272,2021,2021,2021/03/27,2021/03/05,,,read,This was surprisingly good. Bill lays out a clear state along with our alternatives for reducing carbon emissions. Most options involve step changes in technology for all the verticals that contribute carbon.,,,1,0
29939161,Radical Candor: Be a Kickass Boss Without Losing Your Humanity,Kim Malone Scott,"Scott, Kim Malone",,1250103509,9781250103505,0,4.05,St. Martin's Press,Hardcover,336,2017,2017,,2017/11/07,,,read,,,,1,0
53138083,"Working Backwards: Insights, Stories, and Secrets from Inside Amazon",Colin Bryar,"Bryar, Colin",Bill Carr,1250267595,9781250267597,0,4.2,St. Martin's Press,Hardcover,304,2021,2021,2021/03/19,2021/02/09,,,read,"Interesting book, but too much Kool-Aid and not enough detail on examples outside of what Colin worked on himself. There was probably lots of activity and discussions outside of the PR FAQ process or the lack of slides that made Amazon successful. ",,,1,0
55539565,Think Again: The Power of Knowing What You Don't Know,Adam M. Grant,"Grant, Adam M.",,1984878107,9781984878106,0,4.13,Viking Books,Hardcover,307,2021,2021,2021/02/27,2021/02/12,,,read,,,,1,0
50722115,Is This Anything?,Jerry Seinfeld,"Seinfeld, Jerry",,1982112697,9781982112691,0,3.72,Simon & Schuster,Hardcover,480,2020,2020,,2020/08/19,,,read,,,,1,0
55361205,A Promised Land,Barack Obama,"Obama, Barack",,1524763187,9781524763183,5,4.32,Crown,Kindle Edition,768,2020,2020,2021/02/09,2020/12/04,,,read,,,,1,0
49680180,The Book of eSports: The Definitive Guide to Competitive Video Games,William Collis,"Collis, William",,194812257X,9781948122573,4,4.41,RosettaBooks,Hardcover,208,2020,,2021/01/02,2021/01/01,,,read,"Good summary and overview of the esports landscape, but lacks much depth about the relationship between the teams, owners and players. ",,,1,0
38390751,The Infinite Game,Simon Sinek,"Sinek, Simon",,073521350X,9780735213500,4,4.16,Portfolio,Hardcover,251,2019,2017,,2020/07/24,,,read,,,,1,0
43582376,The Body: A Guide for Occupants,Bill Bryson,"Bryson, Bill",,385539304,9780385539302,5,4.31,Doubleday Books,Hardcover,450,2019,2019,2020/11/30,2019/12/12,,,read,This is one of those books that every human should read. It's basically a quick guide to everything that exists in your body.,,,1,0
6565468,The King of Oil: The Secret Lives of Marc Rich,Daniel Ammann,"Ammann, Daniel",,312570740,9780312570743,0,4.19,St. Martin's Press,Hardcover,320,2009,2009,,2020/11/21,to-read,to-read (#40),to-read,,,,0,0
26137012,The Autobiography of Malcolm X,Malcolm X,"X, Malcolm","Alex Haley, M.S. Handler",1101967803,9781101967805,4,4.37,One World,Kindle Edition,528,2015,1965,2019/10/09,2016/11/03,,,read,I... couldn't read the book. I ended up watching the movie. <br/><br/>Movie was good though,,,1,0
44063692,What You Do Is Who You Are: How to Create Your Business Culture,Ben Horowitz,"Horowitz, Ben",Henry Louis Gates Jr.,62871331,9780062871336,4,4,Harper Business,Hardcover,288,2019,2019,2020/09/21,2019/10/09,,,read,,,,1,0
53026600,How I Built This: The Unexpected Paths to Success From the World's Most Inspiring Entrepreneurs,Guy Raz,"Raz, Guy",,152902630X,9781529026306,0,4.17,Pan Macmillan UK,Paperback,320,2020,2020,,2020/09/17,to-read,to-read (#39),to-read,,,,0,0
33517721,The Culture Code: The Secrets of Highly Successful Groups,Daniel Coyle,"Coyle, Daniel",,804176981,9780804176989,4,4.25,Bantam,Hardcover,304,2018,2017,2020/08/14,2020/07/24,,,read,,,,1,0
721609,Spark: The Revolutionary New Science of Exercise and the Brain,John J. Ratey,"Ratey, John J.",Eric Hagerman,316113506,9780316113502,0,4.13,"Little, Brown Spark",Hardcover,294,2008,2008,,2020/08/03,to-read,to-read (#38),to-read,,,,0,0
34640834,Down Girl: The Logic of Misogyny,Kate Manne,"Manne, Kate",,190604980,9780190604981,4,4.21,Oxford University Press,Hardcover,338,2017,2017,2020/07/26,2020/04/30,,,read,Great book which delivers a direct look into how the patriarchy and misogyny seeps into all aspects of society.,,,1,0
34466963,Why We Sleep: Unlocking the Power of Sleep and Dreams,Matthew Walker,"Walker, Matthew",,9781501144318,9781501144318,5,4.37,Scribner,Hardcover,368,2017,2017,2020/07/11,2019/08/26,,,read,"This is one of those books everyone in the world should read, regardless of your book preference. Every person sleeps, and should be aware of the crazy impact it has on us.<br/><br/>TLDR - min 7 hours sleep a night for the rest of your life. ",,,1,0
51014619,Good Economics for Hard Times: Better Answers to Our Biggest Problems,Abhijit V. Banerjee,"Banerjee, Abhijit V.",Esther Duflo,9781610399500,9781610399500,0,4.22,PublicAffairs,ebook,417,2019,2019,,2020/06/27,to-read,to-read (#37),to-read,,,,0,0
28114529,To Pixar and Beyond: My Unlikely Journey with Steve Jobs to Make Entertainment History,Lawrence Levy,"Levy, Lawrence",,544734149,9780544734142,4,4.24,Houghton Mifflin Harcourt,Hardcover,259,2016,2016,2020/06/25,2020/05/09,,,read,"Interesting book highlighting the financial side to Pixar's success. Useful to read this right after Bob Igers book about Disney, to see the other side of the coin.<br/><br/>I also think it's important to partner with the creativity Pixar book, as it shows that the business side of a company is just as important for success as the creative product.",,,1,0
26535513,Storytelling with Data: A Data Visualization Guide for Business Professionals,Cole Nussbaumer Knaflic,"Knaflic, Cole Nussbaumer",,1119002257,9781119002253,0,4.39,Wiley,Paperback,288,2015,2015,,2020/06/26,to-read,to-read (#36),to-read,,,,0,0
44525305,The Ride of a Lifetime: Lessons Learned from 15 Years as CEO of the Walt Disney Company,Robert Iger,"Iger, Robert",Joel Lovell,9780399592096,9780399592096,4,4.4,Random House,Hardcover,272,2019,2019,2020/06/16,2019/12/12,,,read,"Two parts stood out for me in this book:<br/><br/>1. All the acquisitions that Iger led (Marvel, Lucasarts, Pixar, 21st Century Fox)<br/>2. The amount of context switching Iger has to do a on a day-to-day basis considering how many different business units Disney is responsible for. <br/><br/>Nothing in this book talks about how Disney operates as a business, which would also be interesting. Most of the ""Lessons learned"" are quite generic and mainly useful if you're a CEO of a Fortune 500.<br/><br/>Definitely recommended read, but don't expect juicy insights into the inner workings of Disney.",,,1,0
1237300,The Shock Doctrine: The Rise of Disaster Capitalism,Naomi Klein,"Klein, Naomi",,805079831,9780805079838,5,4.29,Metropolitan Books,Hardcover,558,2007,2007,2020/06/09,2020/04/27,,,read,"Wow. It's as if all the chapters in this book are a prequel to what is happening so far in 2020. The world is currently in a state of complete shock, and it will be interesting to see which corporations and governments take advantage to solidify power into their own hands. <br/><br/>Great read. ""No Logo"" by Naomi Klein was my first non-fiction/sociology book just under 20 years ago, and this book reminds why I love the genre. Highly recommended",,,1,0
30759083,"The Spider Network: The Wild Story of a Math Genius, a Gang of Backstabbing Bankers, and One of the Greatest Scams in Financial History",David Enrich,"Enrich, David",,753557495,9780753557495,3,4.07,Custom House/Harper Collins,Hardcover,528,2017,2017,2020/05/12,2020/05/09,,,read,"This was much more boring than anticipated. It's not a fun adventure like Michael Lewis' Flash Boys, this is just about bankers abusing interest rate swaps.",,,1,0
32284263,"Black Edge: Inside Information, Dirty Money, and the Quest to Bring Down the Most Wanted Man on Wall Street",Sheelah Kolhatkar,"Kolhatkar, Sheelah",,812995805,9780812995800,0,4.2,Random House,Hardcover,295,2017,2017,,2020/05/10,to-read,to-read (#35),to-read,,,,0,0
41104077,Invisible Women: Data Bias in a World Designed for Men,Caroline Criado Pérez,"Pérez, Caroline Criado",,1419729071,9781419729072,5,4.34,Abrams Press,Hardcover,448,2019,2019,2020/05/09,2019/12/12,,,read,"Going through life, it's hard to imagine how many things are designed without women in mind. This book goes through examples ranging from health, to technology, to police uniforms, displaying the impact of ignoring women in how things are designed. To top it off, each example in the book is backed by global studies.<br/><br/>This is a must read!",,,1,0
36607149,Explosive Growth: A Few Things I Learned While Growing To 100 Million Users - And Losing $78 Million,Cliff Lerner,"Lerner, Cliff",,1619617706,9781619617704,3,4.16,Clifford Ventures Corporation,Kindle Edition,314,2017,2017,2020/04/21,2019/12/12,,,read,"Had some interesting points, but overall it was very much a story about how one company works, then assuming it can be applied to every company.<br/><br/>Also lots of ""pro tips"" sprinkled throughout, most of which weren't terribly insightful.<br/><br/>Good book if you've never done anything online marketing related. ",,,1,0
44573628,Super Pumped: The Battle for Uber,Mike Isaac,"Isaac, Mike",,393652246,9780393652246,5,4.14,W. W. Norton & Company,Hardcover,408,2019,2019,2020/04/09,2019/09/29,,,read,"One of the most entertaining books I've read. Sure a lot of it is exaggerated, or taken out of context. But if you're not a fan of SF bro culture, this book double's down on the hate. Great read!<br/><br/>Note: I listened to the Audible which was probably part of the entertainment value. Not sure if the book will have the same level of excitement",,,1,0
44428950,That Will Never Work: The Birth of Netflix and the Amazing Life of an Idea,Marc Randolph,"Randolph, Marc",,316530204,9780316530200,3,4.22,"Little, Brown and Company",Hardcover,336,2019,2019,2020/02/26,2019/12/08,,,read,,,,1,0
43848929,Talking to Strangers: What We Should Know About the People We Don't Know,Malcolm Gladwell,"Gladwell, Malcolm",,316478520,9780316478526,3,4,"Little, Brown and Company",Hardcover,388,2019,2019,2020/02/20,2019/09/10,,,read,,,,1,0
46223297,Permanent Record,Edward Snowden,"Snowden, Edward",,1250237238,9781250237231,5,4.3,Metropolitan Books,Hardcover,339,2019,2019,2020/01/03,2019/09/29,,,read,"Enjoyable autobiography of Snowden, his life and all the craziness surrounding his Whistleblowing ",,,1,0
10669,When Genius Failed: The Rise and Fall of Long-Term Capital Management,Roger Lowenstein,"Lowenstein, Roger",,375758259,9780375758256,3,4.2,Random House Trade Paperbacks,Paperback,264,2001,2000,2019/12/05,2016/10/28,,,read,"The story itself is a classic boom and bust story about a highly leveraged investment firm. <br/><br/>Didn’t find it very engaging. Maybe coming from an investment banking background it would be more relatable. In a world before Billions or Wolf of Wall Street, it might’ve been a more unique story.",,,1,0
22085568,The Culture Map: Breaking Through the Invisible Boundaries of Global Business,Erin Meyer,"Meyer, Erin",,9781610392501,9781610392501,0,4.33,PublicAffairs,Kindle Edition,274,2014,2014,,2019/11/29,to-read,to-read (#34),to-read,,,,0,0
4122,Built to Last: Successful Habits of Visionary Companies,Jim Collins,"Collins, Jim",Jerry I. Porras,60566108,9780060566104,0,4.06,Harper Business,Hardcover,368,2004,1994,,2019/11/29,to-read,to-read (#33),to-read,,,,0,0
38642905,"Straight Talk for Startups: 100 Insider Rules for Beating the Odds--From Mastering the Fundamentals to Selecting Investors, Fundraising, Managing Boards, and Achieving Liquidity",Randy Komisar,"Komisar, Randy",Jantoon Reigersman,1538585367,9781538585368,5,4.05,HarperCollins,Audio CD,1,2018,,2019/11/28,2019/11/12,,,read,"A great book for anyone wanting to start their own startup from scratch.<br/><br/>It's 100 practical points, all of which are 2-4 pages of content. Perfectly condensed, with enough reading to understand the point before continuing. I wish more business'y books were structured like this.",,,1,0
4865,How to Win Friends & Influence People,Dale Carnegie,"Carnegie, Dale",,9780671723651,9780671723651,4,4.22,Gallery Books,Paperback,288,1998,1936,2019/11/11,2019/11/12,,,read,"Classic and timeless book about the basics of business. Not usually a fan of old books, but this one was great. ",,,1,0
36448501,The Bitcoin Standard: The Decentralized Alternative to Central Banking,Saifedean Ammous,"Ammous, Saifedean",,1119473861,9781119473862,4,4.17,Wiley,Hardcover,304,2018,2018,2019/10/16,2019/09/06,,,read,"Excellent book. I loved the first few chapters about the history of money, which led very nicely into why ""Sound Money"" is so important. Would highly recommend this to anyone who is investigating cryptocurrencies and wants to know what all the fuss is about.<br/><br/>The only thing that was a bit strange (and unnecessary), was the hate in the last chapter towards ETH. Yes the DAO was bad, but why spend so much time hating. Clearly the BTC maximalism kool-aid  is strong enough to spill over into an actually published book.",,,1,0
10903900,"The Prize: The Epic Quest for Oil, Money, and Power",Daniel Yergin,"Yergin, Daniel",,1439134839,9781439134832,0,4.44,Free Press,Kindle Edition,928,2011,1991,,2016/10/31,currently-reading,currently-reading (#1),currently-reading,,,,1,0
34536488,Principles: Life and Work,Ray Dalio,"Dalio, Ray",Jeremy Bobb,1508243247,9781508243243,4,4.1,Simon & Schuster Audio,Audio CD,16,2017,2017,2018/11/04,2017/10/19,,,read,"The book is split into three parts:<br/>1. Ray's Life<br/>2. Ray's personal principles<br/>3. Ray's work principles<br/><br/>It was very interesting to hear about both his life and the work principles. The work principles are well articulated and broad enough to relate to multiple industries. I've never had so many 'notes' in a book before, as there is a lot to digest.<br/><br/>This book gives clarity on the often used phrase ""Let's take a principled approach"". You gotta have clear principles, before you can do that.",,,1,0
40225612,"The Club: How the English Premier League Became the Wildest, Richest, Most Disruptive Force in Sports",Joshua  Robinson,"Robinson, Joshua",Jonathan Clegg,1328506452,9781328506450,5,4.31,Houghton Mifflin Harcourt,Hardcover,339,2018,2018,2019/10/01,2019/08/15,,,read,,,,1,0
28449249,"Original Gangstas: The Untold Story of Dr. Dre, Eazy-E, Ice Cube, Tupac Shakur, and the Birth of West Coast Rap",Ben Westhoff,"Westhoff, Ben",,316383899,9780316383899,4,4.35,"Hachette Books/Hachette Book Group, Inc.",Hardcover,432,2016,2016,2019/09/01,2019/07/30,,,read,Interesting book on the history of west coast rappers from NWA to Tupac’s death. The author writes objectively and has clearly done extensive research.,,,1,0
14546626,Total Recall: My Unbelievably True Life Story,Arnold Schwarzenegger,"Schwarzenegger, Arnold",Peter Petre,1451662432,9781451662436,5,4.17,Simon & Schuster,Hardcover,656,2012,2012,2019/07/30,2016/12/20,,,read,A lot I didn’t know about Arnie. This book is an interesting insight into the drive and determination of the entrepreneur/actor/governor/bodybuilder. The guy has lived 4 lives in one.,,,1,0
42118073,Trillion Dollar Coach: The Leadership Playbook of Silicon Valley's Bill Campbell,Eric Schmidt,"Schmidt, Eric","Jonathan Rosenberg, Alan Eagle",62839268,9780062839268,4,3.98,Harper Business,Hardcover,240,2019,2019,2019/07/22,2019/04/23,,,read,Great story about Bill. Empathy and love go a long way in building strong teams. <br/><br/>,,,1,0
17396014,The Year Without Pants: WordPress.com and the Future of Work,Scott Berkun,"Berkun, Scott",,1118660633,9781118660638,3,3.81,Jossey-Bass Inc Pub,Hardcover,258,2013,2013,2017/12/01,2019/07/19,,,read,,,,1,0
39286958,Measure What Matters,John Doerr,"Doerr, John",,9780525536222,9780525536222,0,3.98,Penguin,Kindle Edition,299,2018,2017,,2019/07/19,to-read,to-read (#32),to-read,,,,0,0
28257707,The Subtle Art of Not Giving a F*ck: A Counterintuitive Approach to Living a Good Life,Mark Manson,"Manson, Mark",,,9798804636129,3,3.87,Harper,Paperback,212,2016,2016,2019/07/15,2017/03/09,,,read,,,,1,0
44548093,Secrets of Sand Hill Road: Venture Capital and How to Get It,Scott Kupor,"Kupor, Scott",Eric Ries,0593083598,9780593083598,0,4.23,Portfolio,Kindle Edition,320,2019,2019,,2019/07/06,to-read,to-read (#31),to-read,,,,0,0
38746485,Becoming,Michelle Obama,"Obama, Michelle",,1524763136,9781524763138,5,4.44,Crown,Hardcover,448,2018,2018,2019/07/06,2019/04/28,,,read,,,,1,0
30363104,Homo Deus: A Brief History of Tomorrow,Yuval Noah Harari,"Harari, Yuval Noah",Derek Perkins,0062657291,9780062657299,4,4.19,HarperAudio,Audiobook,15,2017,2015,2019/06/19,2018/02/11,,,read,"Interesting take on the future of humanity. Yuval paints a futuristic vision consisting of Humanism as the religion, and data/machines/algorithms as slowly taking over the word. Most of what he is saying seems to make sense at the surface. <br/><br/>However one fundamental problem I had with the book. Yuval is atheist, which results in him dismissing an individual's higher self or soul when it comes to how society will develop. This seems short sighted, and provides a skewed perspective on how society will develop.<br/><br/>Would recommend to friends, but with the above caveat in mind.<br/><br/>",,,1,0
3028,Economics in One Lesson,Henry Hazlitt,"Hazlitt, Henry",,,,0,4.16,Three Rivers Press,Paperback,218,1979,1946,,2019/04/24,to-read,to-read (#30),to-read,,,,0,0
41317431,A Template for Understanding Big Debt Crises,Ray Dalio,"Dalio, Ray",,,,0,4.35,Bridgewater,Kindle Edition,456,2018,2018,,2019/04/24,to-read,to-read (#29),to-read,,,,0,0
11447065,"The Quest: Energy, Security, and the Remaking of the Modern World",Daniel Yergin,"Yergin, Daniel",,1594202834,9781594202834,0,4.14,Penguin Press,Hardcover,805,2011,2011,,2019/04/23,to-read,to-read (#28),to-read,,,,0,0
29780253,Born a Crime: Stories From a South African Childhood,Trevor Noah,"Noah, Trevor",,0385689225,9780385689229,5,4.49,Doubleday Canada,Hardcover,289,2016,2016,,2018/08/05,,,read,,,,1,0
29424382,The Silk Roads: A New History of the World,Peter Frankopan,"Frankopan, Peter",Laurence Kennedy,,,5,4.17,Audible Studios,Audiobook,,2015,2015,2019/04/20,2016/11/08,,,read,"The book seems to basically describe one game of Civ from beginning to end.<br/><br/>In all seriousness it's a fantastic and interesting insight into the Silk Road. From < 1000 BC to modern day, the region has been the focal point for turmoil, conflict and prosperity. Would recommend for anyone remotely interested in history or money.<br/><br/>",,,1,0
28695425,Strangers in Their Own Land: Anger and Mourning on the American Right,Arlie Russell Hochschild,"Hochschild, Arlie Russell",,1620972255,9781620972250,0,4.12,The New Press,Hardcover,242,2016,2016,,2019/03/31,to-read,to-read (#27),to-read,,,,0,0
242472,The Black Swan: The Impact of the Highly Improbable,Nassim Nicholas Taleb,"Taleb, Nassim Nicholas",,1400063515,9781400063512,3,3.96,Random House,Hardcover,480,2007,2007,,2019/02/20,,,read,,,,1,0
25159062,Narconomics: How to Run a Drug Cartel,Tom Wainwright,"Wainwright, Tom",,1610395832,9781610395830,4,4.14,PublicAffairs,Hardcover,288,2016,2016,2019/01/12,2018/12/31,,,read,"An interesting economists perspective on running a drug cartel, and an objective analysis into the  methods of reducing violence associated with them. <br/><br/>It's like a background study guide for anyone interested Narcos.",,,1,0
17859574,How to Fail at Almost Everything and Still Win Big: Kind of the Story of My Life,Scott Adams,"Adams, Scott",,1591846919,9781591846918,4,4.06,Penguin Portfolio,Hardcover,248,2013,2013,2018/12/26,2018/12/12,,,read,,,,2,0
101438,Skunk Works: A Personal Memoir of My Years at Lockheed,Ben R. Rich,"Rich, Ben R.",Leo Janos,,,3,4.46,"Back Bay Books/Little, Brown & Co. (NY)",Paperback,382,1996,1994,2018/12/12,2018/11/25,,,read,"If you like a detailed history of the various types of stealth fighters created, this is your book! ",,,1,0
38212134,How the Internet Happened: From Netscape to the iPhone,Brian  McCullough,"McCullough, Brian",,1631493078,9781631493072,0,4.28,Liveright,Hardcover,386,2018,2018,,2018/12/09,to-read,to-read (#26),to-read,,,,0,0
22129114,The Virgin Way: Everything I Know About Leadership,Richard Branson,"Branson, Richard",,1591847370,9781591847373,4,3.95,Portfolio,Hardcover,400,2014,2014,2018/11/25,2016/10/26,,,read,Interesting take on leadership from a previous generation. Virgin it seems is like the ‘Google’ or the 80s and 90s. Very progressive and fun place to work.,,,1,0
21413662,What If?: Serious Scientific Answers to Absurd Hypothetical Questions,Randall Munroe,"Munroe, Randall",,0544272994,9780544272996,4,4.14,Dey Street Books,Hardcover,303,2014,2014,2018/11/13,2016/10/31,,,read,Really fun book to read. Would recommend the paperback as it has comics throughout. Good bedtime story book for older kids as well!,,,1,0
37976541,Bad Blood: Secrets and Lies in a Silicon Valley Startup,John Carreyrou,"Carreyrou, John",,,,4,4.41,Knopf,Hardcover,339,2018,2018,2018/10/12,2018/08/01,,,read,Fascinating story about deceit in the biotech industry. A bit too detailed for things that aren’t too important to the critical story. I guess the journalist really wanted to show how credible and accurate his sources are.,,,1,0
28762683,The Art of Community: Seven Principles for Belonging,Charles H. Vogl,"Vogl, Charles H.",,1626568413,9781626568419,3,3.69,Berrett-Koehler Publishers,Paperback,216,2016,,2018/10/11,2018/10/11,,,read,"If you want to start your own religion, these are the 7 steps to make it happen. ",,,1,0
23258978,The Open Organization: Igniting Passion and Performance,Jim Whitehurst,"Whitehurst, Jim",Gary Hamel,1625275277,9781625275271,5,4.08,Harvard Business Review Press,Hardcover,256,2015,2015,2018/09/25,2018/09/25,,,read,"Great book about the COO of Delta, moving to become the CEO of Red Hat. It's a short read, that tells the story of a different type of org. <br/><br/>It's like a practical guide on how to deal with open organisations.",,,1,0
15916,The True Believer: Thoughts on the Nature of Mass Movements,Eric Hoffer,"Hoffer, Eric",,0060505915,9780060505912,0,4.2,Harper Perennial Modern Classics,Paperback,177,2010,1951,,2018/09/13,to-read,to-read (#25),to-read,,,,0,0
35484894,New Power: How Power Works in Our Hyperconnected World—and How to Make It Work for You,Jeremy Heimans,"Heimans, Jeremy",Henry Timms,0385541120,9780385541121,4,3.82,Anchor,Kindle Edition,310,2018,2018,,2018/08/22,,,read,,,,1,0
36485213,21 Lessons for the 21st Century,Yuval Noah Harari,"Harari, Yuval Noah",,,,0,4.15,Vintage Digital,Kindle Edition,320,2018,2018,,2018/07/31,,,read,,,,0,0
41016100,The Coming Storm,Michael   Lewis,"Lewis, Michael",,,,3,3.82,Audible Studios,Audible Audio,3,2018,2018,2018/08/15,2018/08/15,,,read,A short story about weather. Most interesting part is that Trump has installed private sector people to be responsible for the US weather data. The head of NOAH is trying to restrict open data use in order for AccuWeather to be the exclusive for-profit way of getting weather data. <br/><br/>,,,1,0
40718726,Genghis Khan and the Making of the Modern World,Jack Weatherford,"Weatherford, Jack",,,,4,4.06,Broadway Books,Kindle Edition,352,2018,2004,2018/08/14,2018/08/15,,,read,"First half was an amazing story about Genghis himself. Amazing person, worth the read<br/><br/>Second half was first about his lineage, his kids and grandkids and how the screwed everything up. Then the last quarter of the book goes through the next 600 years and attributes most inventions in the world to the Mongols. From Algebra to satin, to the spread of the plague, all thanks to the Mongols &#x1f914;. Seems a stretch at times, but interesting nonetheless.",,,1,0
34150849,Unbelievable: My Front-Row Seat to the Craziest Campaign in American History,Katy Tur,"Tur, Katy",,0062694855,9780062694850,3,3.96,HarperAudio,Audiobook,,2017,2017,2018/08/15,2018/08/01,,,read,,,,1,0
4748618,Authentic Conversations: Moving from Manipulation to Truth and Commitment,Jamie Showkeir,"Showkeir, Jamie",,1576755959,9781576755952,0,4.06,Berrett-Koehler Publishers,Paperback,240,2008,2008,,2018/08/02,to-read,to-read (#24),to-read,,,,0,0
32938155,"Option B: Facing Adversity, Building Resilience, and Finding Joy",Sheryl Sandberg,"Sandberg, Sheryl",Adam M. Grant,0753548283,9780753548288,4,3.84,Random House,Paperback,240,2017,2017,2018/08/01,2017/04/26,,,read,Good for people who are going through a sudden hardship/loss. Will probably re-read at a later date,,,1,0
36204378,The Book of Why: The New Science of Cause and Effect,Judea Pearl,"Pearl, Judea",Dana Mackenzie,046509760X,9780465097609,0,3.94,Basic Books,Hardcover,432,2018,2018,,2018/07/28,to-read,to-read (#23),to-read,,,,0,0
34623128,The Autobiography of Gucci Mane,Gucci Mane,"Mane, Gucci",Neil Martinez-Belkin,1501165321,9781501165320,4,4.09,Simon Schuster,Hardcover,304,2017,2017,2018/07/02,2018/06/20,,,read,,,,1,0
16158498,Give and Take: A Revolutionary Approach to Success,Adam M. Grant,"Grant, Adam M.",,0670026557,9780670026555,3,4.07,Viking,Hardcover,320,2013,2013,2017/03/07,2017/02/22,,,read,"Another book that can do with a TL;DR section. Adam brings up a handful of simple concepts (eg the 5 minute favor, or donating 100 hours a week of time is the optimum amount), but then spends page after page providing anecdotal case studies about how it worked for Joe Smith who was kind to someone at work. <br/><br/>Having said that, the book was interesting, but I would highly recommend someone read a summary then decide to read the full book.",,,1,0
81195,The Cluetrain Manifesto: The End of Business as Usual,Rick Levine,"Levine, Rick","Christopher Locke, Doc Searls, David Weinberger",0738204315,9780738204314,3,3.82,Basic Books,Paperback,190,2001,2000,2018/06/18,2018/06/10,,,read,"First 1/4 of the anniversary edition is very interesting. For someone to predict community centric organizations on the internet in 2000 is amazing. <br/><br/>Unfortunately the book itself ends up dry, as most of the examples are not relevant.",,,1,0
13530973,Antifragile: Things That Gain from Disorder,Nassim Nicholas Taleb,"Taleb, Nassim Nicholas",,1400067820,9781400067824,3,4.1,Random House,Hardcover,426,2012,2012,2018/06/03,2018/02/11,,,read,"Interesting and unique concepts about creating antifragile organisations and organisms.<br/><br/>However, I didn't know it was possible to write with such an arrogant and condescending tone as a popular author. ",,,1,0
30354426,Solve for Happy: Engineer Your Path to Joy,Mo Gawdat,"Gawdat, Mo",,1501157558,9781501157554,5,3.98,Gallery Books,Hardcover,368,2017,2017,2018/04/10,2018/01/11,,,read,"Warm and fuzzy book, taking a rational approach to life, God and human behaviour",,,1,0
7687655,Making the Social World: The Structure of Human Civilization,John Rogers Searle,"Searle, John Rogers",,0195396170,9780195396171,0,3.84,Oxford University Press,Hardcover,208,2009,2009,,2018/03/25,to-read,to-read (#22),to-read,,,,0,0
25666050,Algorithms to Live By: The Computer Science of Human Decisions,Brian  Christian,"Christian, Brian",Tom  Griffiths,1627790365,9781627790369,3,4.12,Henry Holt and Co.,Hardcover,368,2016,2016,2018/03/14,2018/03/11,,,read,,,,1,0
23692271,Sapiens: A Brief History of Humankind,Yuval Noah Harari,"Harari, Yuval Noah",,,,5,4.34,Vintage,Paperback,512,2015,2011,2018/03/05,2017/02/27,,,read,,,,1,0
33239109,A Life in Parts,Bryan Cranston,"Cranston, Bryan",,,,4,4.2,Orion Publishing Group Limited,Audible Audio,9,2016,2016,2018/02/11,2018/01/29,,,read,"If you're a fan of acting or Breaking Bad, this is a definitely an interesting book. A detailed look at his childhood, acting career and eventually, the main parts of BB. The entire audiobook is narrated by Bryan himself, which makes the boring parts more bearable. ",,,1,0
13573052,"The Launch Pad: Inside Y Combinator, Silicon Valley's Most Exclusive School for Startups",Randall E. Stross,"Stross, Randall E.",,0449807878,9780449807873,4,4.05,Random House Audio,Audio,304,2012,2012,2018/01/24,2018/01/16,,,read,,,,1,0
31869077,The Internet of Money,Andreas M. Antonopoulos,"Antonopoulos, Andreas M.",,,,0,4.06,Merkle Bloom LLC,Kindle Edition,200,2016,2016,,2017/09/04,,,read,,,,1,0
25541028,"Elon Musk: Tesla, SpaceX, and the Quest for a Fantastic Future",Ashlee Vance,"Vance, Ashlee",,0062301233,9780062301239,5,4.13,Ecco,Hardcover,392,2015,2015,2016/10/13,2016/02/23,,,read,,,,1,0
24350618,Work Rules! Lib/E: Insights from Inside Google That Will Transform How You Live and Lead,Laszlo Bock,"Bock, Laszlo",,1478986220,9781478986225,4,4.13,Twelve,Audio CD,0,2015,2015,2017/12/30,2016/10/26,,,read,,,,1,0
33347428,I Can't Make This Up: Life Lessons,Kevin  Hart,"Hart, Kevin",Neil Strauss,1501155563,9781501155567,4,4.1,37 Ink,Hardcover,378,2017,2017,2017/12/14,2017/12/07,,,read,"Entertaining audio book, considering Kevin Hart is the narrator. It's the story of his life, growing up and becoming famous. ",,,1,0
31920777,American Kingpin: The Epic Hunt for the Criminal Mastermind Behind the Silk Road,Nick Bilton,"Bilton, Nick",,1591848148,9781591848141,5,4.41,Portfolio,Hardcover,328,2017,2017,2017/11/23,2017/05/14,,,read,Great story about the FBI hunt for Ross Ulbricht,,,1,0
22616127,"Exponential Organizations: Why New Organizations Are Ten Times Better, Faster, Cheaper Than Yours (and What To Do About It)",Salim Ismail,"Ismail, Salim",,,,3,4.07,Diversion Books,Kindle Edition,250,2014,2014,2017/11/12,2017/11/06,,,read,,,,1,0
18216917,Swarmwise,Rick Falkvinge,"Falkvinge, Rick",,1463533152,9781463533151,4,4.13,CreateSpace Publishing Platform,ebook,281,2013,2013,2017/11/11,2017/11/07,,,read,,,,1,0
29633859,Hegemony How-To: A Roadmap for Radicals,Jonathan Smucker,"Smucker, Jonathan",,1849352542,9781849352543,0,4.25,AK Press,Paperback,290,2017,2017,,2017/10/23,to-read,to-read (#21),to-read,,,,0,0
36146011,"Tools of Titans: The Tactics, Routines, and Habits of Billionaires, Icons, and World-Class Performers",Timothy Ferriss,"Ferriss, Timothy",,,,5,4.1,Houghton Mifflin Harcourt,Kindle Edition,707,2016,2016,2017/10/21,2017/03/09,,,read,,,,1,0
21314,The Starfish and the Spider: The Unstoppable Power of Leaderless Organizations,Ori Brafman,"Brafman, Ori",Rod A. Beckstrom,1591841437,9781591841432,3,3.83,Portfolio Hardcover,Hardcover,240,2006,2006,2017/10/20,2017/10/14,,,read,"Interesting book. Unfortunately, the first chapter explained the concept, and the next 8 chapters were case studies from the early 2000's. Companies like Apache, eMule, Craiglist, eBay, etc. Hard to take a book seriously when eMule keeps getting brought up as a great case study.<br/><br/>You're better off reading the Wikipedia page: https://en.wikipedia.org/wiki/The_Starfish_and_the_Spider",,,1,0
24737268,Badass: Making Users Awesome,Kathy Sierra,"Sierra, Kathy",,1491919019,9781491919019,4,4.17,O'Reilly Media,Paperback,293,2015,2015,2017/10/04,2016/10/26,,,read,"It was a good book, but it's structured more like an extended comic book than a traditional Business book.<br/><br/>TL;DR: Make your users feel superhuman, and they'll tell all their friends about how awesome you are.",,,1,0
27209431,The Inevitable: Understanding the 12 Technological Forces That Will Shape Our Future,Kevin Kelly,"Kelly, Kevin",,,,0,3.89,Viking,Hardcover,336,2016,2016,,2017/09/25,to-read,to-read (#20),to-read,,,,0,0
25111341,The Industries of the Future,Alec J. Ross,"Ross, Alec J.",,1476753652,9781476753652,0,3.96,Simon & Schuster,Hardcover,320,2016,2016,,2017/09/25,to-read,to-read (#19),to-read,,,,0,0
35288877,"Al Franken, Giant of the Senate",Al Franken,"Franken, Al",,,,4,4.22,Hachette Audio,Audible Audio,12,2017,2017,2017/08/31,2017/08/06,,,read,"I'd never heard of Al Franken before. I had heard a lot about this book recently, and since he was on SNL and now senator, I thought it would be a fun read.<br/><br/>The book is a great listen (Audible version is ready by Al Franken, so it's entertaining). For a book about politics, it was strange to laugh out loud awkwardly on the train multiple times. <br/><br/>Would recommend for anyone interested in how the US senate works, seen from the perspective of a former comedian.",,,1,0
25421408,Love Does: Discover a Secretly Incredible Life in an Ordinary World,Bob       Goff,"Goff, Bob",,,,2,4.31,Thomas Nelson,Audible Audio,,2012,2012,2017/08/23,2017/08/23,,,read,"Two chapters in. ""When I first found Jesus..."".<br/><br/>*Mark as Finished<br/>*Remove from device",,,1,0
24805753,Digital Gold: Bitcoin and the Inside Story of the Misfits and Millionaires Trying to Reinvent Money,Nathaniel Popper,"Popper, Nathaniel",,0062417967,9780062417961,5,4.14,HarperAudio,Audiobook,,2015,2015,2017/08/22,2017/08/18,,,read,"Enjoyable read. Good balance of backstory, technical explanation and personality. Would recommend for anyone interested in bitcoin, the blockchain, or technology in general.",,,1,0
23676949,Yes Please,Amy Poehler,"Poehler, Amy",,,,4,3.85,Harper Audio,Audible Audio,8,2014,2014,2017/08/16,2017/04/27,,,read,"As a fan of Parks & Rec, this was fun and great to listen to. Not something I would recommend to someone who isn't an Amy Poehler fan.",,,1,0
3323374,Inspired: How To Create Products Customers Love,Marty Cagan,"Cagan, Marty",,0981690408,9780981690407,0,4.23,SVPG Press,Hardcover,242,2008,2008,,2017/08/14,to-read,to-read (#18),to-read,,,,0,0
27140043,High Output Management,Andrew S. Grove,"Grove, Andrew S.",,110197236X,9781101972366,5,4.3,Vintage,Kindle Edition,261,2015,1983,2017/08/13,2016/10/03,,,read,"This book is the grandfather of management books. From middle managers to C-level folks, this book provides very practical advice on everything needed to be a good manager. <br/><br/>Even though its written 30+ years ago, 99% of the content is timeless. Highly recommended as the first management book anyone should read.",,,1,0
25974033,"Console Wars: Sega, Nintendo, and the Battle that Defined a Generation",Blake J. Harris,"Harris, Blake J.",Fred Berman,,,4,3.97,Harper Audio,Audible Audio,21,2014,2014,2017/08/03,2016/12/13,,,read,"Interesting to read about the history of Sega vs Nintendo as a user of both products, not realising the corporate interactions between the two.<br/><br/>Disappointing that it finishes in 96, when PS first launches and the Xbox <-> PS <-> Nintendo wars went down, but I guess thats for a different book.",,,1,0
29622748,Dark Money: The Hidden History of the Billionaires Behind the Rise of the Radical Right,Jane Mayer,"Mayer, Jane",Kirsten Potter,,,5,4.31,Random House Audio,Audible Audio,464,2016,2016,2017/05/02,2017/04/16,,,read,"As a foreigner looking into why the US political process is so crazy, this book was eye opening. Jane Mayer does a fantastic job investigating the money trail of Conservative 'think tanks'. <br/><br/>Would recommend to anyone as a great read, even those who find Politics boring.",,,1,0
19098633,Judgment Calls: Twelve Stories of Big Decisions and the Teams That Got Them Right,Thomas H. Davenport,"Davenport, Thomas H.","Brook Manville, Laurence Prusak",,,3,3.19,Harvard Business Review Press,Kindle Edition,280,2012,2012,2017/06/30,2017/06/20,,,read,,,,1,0
23995360,Superforecasting: The Art and Science of Prediction,Philip E. Tetlock,"Tetlock, Philip E.",Dan Gardner,0804136696,9780804136693,4,4.08,Crown,Hardcover,352,2015,2015,2017/06/25,2016/10/28,,,read,,,,1,0
2473233,Spiritual Enterprise,Lawrence M. Miller,"Miller, Lawrence M.",,0853985073,9780853985075,5,4.44,George Ronald Publisher Ltd,Paperback,354,2007,2007,2017/06/22,2016/09/21,,,read,,,,1,0
1317946,Managing Humans: Biting and Humorous Tales of a Software Engineering Manager,Michael Lopp,"Lopp, Michael",,159059844X,9781590598443,4,3.92,Apress,Paperback,209,2007,2007,2017/06/14,2017/04/13,,,read,"This book is filled interesting stories and anecdotes from the authors blog. I really enjoyed it reading it. It was both entertaining and insightful to hear the rants of an Engineering Manager. Since it's a collection of blog posts, the writing style is simple to read and the chapters are short, which makes it easy to digest and binge read.<br/><br/>4 stars instead of 5, because the last half is a bit too preachy and not as well structured as the first.<br/>",,,1,0
224127,The Israel Lobby and U.S. Foreign Policy,John J. Mearsheimer,"Mearsheimer, John J.",Stephen M. Walt,0374177724,9780374177720,0,4.11,"Farrar, Straus and Giroux",Hardcover,484,2007,2006,,2017/06/13,to-read,to-read (#17),to-read,,,,0,0
22107280,"Blueprint for Revolution: How to Use Rice Pudding, Lego Men, and Other Nonviolent Techniques to Galvanize Communities, Overthrow Dictators, or Simply Change the World",Srdja Popovic,"Popovic, Srdja",Matthew Miller,0812995309,9780812995305,0,4.31,Random House,Paperback,304,2015,2015,,2017/06/13,to-read,to-read (#16),to-read,,,,0,0
25614523,Originals: How Non-Conformists Move the World,Adam M. Grant,"Grant, Adam M.",,0525429565,9780525429562,4,3.95,Viking,Hardcover,326,2016,2016,2017/06/11,2017/05/29,,,read,"I catagerize this into another ""Gladwell-style"" business book, without the high quality story telling that Gladwell uses. The book has annecdotal stories about entrepreneurs and famous people in history, and then recommends the principles that worked in a particular case (whether true or not) to the whole population as 'ways to be Original'.<br/><br/>Some things I took away:<br/>1. Generate lots and lots of ideas. Constantly. It takes a lot of ideas to come up with the good ideas.<br/>2. Beware of confirmation bias<br/>3. Be a vocal devil’s advocates (aka the squeaky wheel)<br/>",,,1,0
10353025,As One: Individual Action Collective Power,Mehrdad Baghai,"Baghai, Mehrdad",James Quigley,1591844150,9781591844150,0,3.94,Portfolio,Hardcover,352,2011,,,2017/05/29,to-read,to-read (#15),to-read,,,,0,0
20893356,The Best Place to Work: The Art and Science of Creating an Extraordinary Workplace,Ron      Friedman,"Friedman, Ron",,0399165592,9780399165597,3,4.15,TarcherPerigee,Hardcover,352,2014,2014,2017/05/29,2016/12/02,,,read,"An interesting overview of positive workplace behaviour. Unfortunately, there's a tonne of cliche'd statements and examples that sound good on the surface, but don't actually hold up to light when scrutinized. <br/><br/>It's like a Gladwell book about the workplace, without the excitement of a Gladwell book.",,,1,0
115758,The New Encyclopedia of Modern Bodybuilding,Arnold Schwarzenegger,"Schwarzenegger, Arnold",Bill Dobbins,0684857219,9780684857213,5,4.46,Simon Schuster,Paperback,832,1999,1985,2017/04/13,2017/03/29,,,read,"This well and truly is The Bible of bodybuilding. Anyone considering spending more than an hour a week in the gym should get this book.<br/><br/>Read it once to get the gist, keep it forever as a reference book. I bought the Kindle version, but will probably get the physical version now to keep around.",,,1,0
7108725,Start with Why: How Great Leaders Inspire Everyone to Take Action,Simon Sinek,"Sinek, Simon",,1591842808,9781591842804,3,4.1,Portfolio,Hardcover,256,2009,2009,2017/04/11,2017/03/18,,,read,"All in all, the book had a good premise. Companies should have a purpose higher than the products it builds or the services it delivers. He uses few examples (Apple, MLK, Costco) and counter examples (Walmart, TiVo) to explain why 'starting with why' is important. <br/><br/>If there is a way for a book to be cringeworthy, this is it. The number of monumental statements about to brilliance of Apple were overwhelming. ""The i at the beginning of their products isn't just part of name, it's the name itself"". Easy tiger.<br/><br/>Would not recommend for people to read, see a summary instead.",,,1,0
18872940,The Design of Everyday Things,Donald A. Norman,"Norman, Donald A.",,,,4,4.15,Basic Books,Kindle Edition,430,2013,1988,2017/03/29,2016/07/06,,,read,"This book was much longer and in depth than expected. For those that do power through it, it brings a unique design lens into anything you interact with on a day-to-day basis. From door handles to light switches, good and bad design is everywhere.",,,1,0
30268522,Why Not Me?,Mindy Kaling,"Kaling, Mindy",,0804138168,9780804138161,4,3.9,Three Rivers Press,Paperback,240,2016,2015,2017/03/16,2016/11/08,,,read,"For a fan of the office, the book was a fun listen. The target demographic is most probably women, but considering it was actually her voice talking in the audiobook, it felt like a long standup show of hers. <br/><br/>Would recommend for people for an easy read.",,,1,0
25817524,Alibaba: The House That Jack Ma Built,Duncan Clark,"Clark, Duncan",,0062413406,9780062413406,3,3.87,Ecco,Hardcover,304,2016,2016,,2016/10/28,,,read,"TL;DR: It's ""The Everything Store"", but for Alibaba.<br/><br/>For people interested in China, this book was a good insight into how things operate. The story didn't go into great depth. It was more a timeline history of Alibaba including its founding, funding, acquisitions/launches and finally IPO. <br/><br/>There isn't much drama, and there isn't a lot of insight into how Jack Ma operates the company. <br/><br/>Recommended read for people who don't know much about tech/ecommerce in China (i.e. myself)",,,2,0
28450775,Whiplash: How to Survive Our Faster Future,Joichi Ito,"Ito, Joichi",Jeff   Howe,1455544590,9781455544592,0,3.82,Grand Central Publishing,Hardcover,320,2016,2016,,2017/02/18,to-read,to-read (#14),to-read,,,,0,0
15798078,Decisive: How to Make Better Choices in Life and Work,Chip Heath,"Heath, Chip",Dan Heath,0307956393,9780307956392,0,3.96,Crown Currency,Hardcover,336,2013,2013,,2017/02/15,to-read,to-read (#13),to-read,,,,0,0
30334134,The Undoing Project: A Friendship That Changed Our Minds,Michael   Lewis,"Lewis, Michael",,0393254593,9780393254594,4,3.99,W. W. Norton & Company,Hardcover,362,2016,2016,2017/02/12,2016/11/24,,,read,"Interesting insight into the origins and history of behaviroul economics. Amos and Kahnemann were an incredible pair of psychologists, and Lewis does a good job telling their story. It contains a mix of actual behaviroul content and the history of the pair.<br/><br/>Would recommend for folks who are interested in the field.",,,1,0
29496520,The Swoly Bible: The Bro Science Way of Life,Dom Mazzetti,"Mazzetti, Dom",,0735211124,9780735211124,4,3.9,Plume,Paperback,256,2016,2016,2017/01/24,2016/11/05,,,read,"For those that follow BroScience on YouTube, this was a really entertaining book. I highly recommend the Audiobook version, as his voice is probably 80% of the comedy. <br/><br/>As mentioned in other reviews, a lot of the later chapters are copied from his videos. However it's still an enjoyable listen. ",,,1,0
18176747,The Hard Thing About Hard Things: Building a Business When There Are No Easy Answers―Straight Talk on the Challenges of Entrepreneurship,Ben Horowitz,"Horowitz, Ben",,0062273205,9780062273208,4,4.2,Harper Business,Hardcover,304,2014,2014,2017/01/16,2016/09/12,,,read,"As someone who knew almost nothing about Ben Horowitz, DMX was not an opening line that I anticipated. The book is an enjoyable read, even though its pretty unrelated to day-to-day. If I were to ever become a founder of a tech startup, this book is a perfect resource for being a great wartime CEO.<br/><br/>",,,1,0
18453086,Michael Jordan: The Life,Roland Lazenby,"Lazenby, Roland",,0316194778,9780316194778,0,4.31,"Little, Brown and Company",Hardcover,720,2014,2014,,2017/01/12,to-read,to-read (#12),to-read,,,,0,0
26156469,Never Split the Difference: Negotiating As If Your Life Depended On It,Chris Voss,"Voss, Chris",Tahl Raz,0062407805,9780062407801,4,4.34,Harper Business,Hardcover,274,2016,2016,2016/12/15,2016/05/20,,,read,,,,1,0
26068019,Negotiating the Nonnegotiable: How to Resolve Your Most Emotionally Charged Conflicts,Daniel Shapiro,"Shapiro, Daniel",,0670015563,9780670015566,0,3.86,Viking,Hardcover,336,2016,2016,,2016/12/14,to-read,to-read (#11),to-read,,,,0,0
25173297,Discussing Design: Improving Communication and Collaboration through Critique,Adam Connor,"Connor, Adam",Aaron Irizarry,1491924047,9781491924044,4,3.86,O'Reilly Media,ebook,150,2015,2015,2016/12/07,2016/02/24,,,read,"For people who work closely with designers, this book gives great practical advice on how to properly 'critique'. <br/><br/>The first half of the book is useful, while the second goes into granular details of some 9-5 basics, e.g. ""be sure to take notes""<br/><br/>Would recommend for anyone who collaborates with designers sometimes, and mandatory for people who are responsible for designing (or approving designs) of user facing products. ",,,1,0
27276428,The Gene: An Intimate History,Siddhartha Mukherjee,"Mukherjee, Siddhartha",,,,0,4.35,Scribner,Hardcover,592,2016,2016,,2016/12/06,to-read,to-read (#10),to-read,,,,0,0
27246166,String Theory: David Foster Wallace on Tennis,David Foster Wallace,"Wallace, David Foster",John Jeremiah Sullivan,1598534807,9781598534801,0,4.15,Library of America,Hardcover,138,2016,2014,,2016/12/06,to-read,to-read (#9),to-read,,,,0,0
26530355,Misbehaving: The Making of Behavioral Economics,Richard H. Thaler,"Thaler, Richard H.",,039335279X,9780393352795,4,4.16,W. W. Norton & Company,Paperback,358,2016,2016,2016/11/15,2016/12/02,,,read,"I really enjoyed reading this book. It was a comprehensive read about Behavioral economics. Covering everything from confirmation bias, to sunk cost, to explaining the 'nudge' concept. <br/><br/>The only downside is that the book is very long, and spends a lot of time talking about the history (including the influencing individuals) behind a lot of the existing theories. <br/><br/>This book is the recommendation for ""I know nothing about behavioral economics, where do i start?""",,,1,0
7865083,Liar's Poker,Michael   Lewis,"Lewis, Michael",,039333869X,9780393338690,0,4.15,W. W. Norton & Company,Paperback,310,2010,1989,,2016/12/02,to-read,to-read (#8),to-read,,,,0,0
4887,The Drama of the Gifted Child: The Search for the True Self,Alice   Miller,"Miller, Alice",,0465016901,9780465016907,0,4.05,Basic Books,Paperback,136,1997,1979,,2016/11/21,to-read,to-read (#7),to-read,,,,0,0
13426114,The Honest Truth About Dishonesty: How We Lie to Everyone - Especially Ourselves,Dan Ariely,"Ariely, Dan",,0062183591,9780062183590,3,3.93,Harper,Hardcover,264,2012,2012,2016/11/18,2016/02/23,,,read,"Dan has one study that he manages to draw out to an entire book. This could have very easily been a long article and be just as impactful.<br/><br/>The content is interesting. Basically most humans tend to cheat, but mostly not maliciously.<br/><br/>It's a good read for people interested in human behaviors/psychology.",,,1,0
27220736,Shoe Dog: A Memoir by the Creator of Nike,Phil Knight,"Knight, Phil",,1501135910,9781501135910,5,4.46,Scribner,Hardcover,400,2016,2016,2016/11/10,2016/08/02,,,read,"What a fantastic read. <br/><br/>I originally thought that this was going to be about the logistics and growth of Nike as a brand. I was very wrong. This book is Phil Knights perspective on how Nike was born and bred for runners. Lot's of interesting characters, a lot of whom are now dead.<br/><br/>It's personal, reflective and rarely looks at the business aspects of the brand and products.<br/><br/>",,,1,0
9418327,Bossypants,Tina Fey,"Fey, Tina",,,,0,3.96,Reagan Arthur Books,ebook,283,2011,2011,,2016/11/08,to-read,to-read (#6),to-read,,,,0,0
551592,Everyday Zen: Love & Work,Charlotte Joko Beck,"Beck, Charlotte Joko",Steve       Smith,0060607343,9780060607340,0,4.16,HarperOne,Paperback,224,1989,1989,,2016/10/28,to-read,to-read (#5),to-read,,,,0,0
1097,Fast Food Nation: The Dark Side of the All-American Meal,Eric Schlosser,"Schlosser, Eric",,0060838582,9780060838584,0,3.75,Harper Perennial,Paperback,383,2005,2001,,2016/10/28,,,read,,,,1,0
11721966,Good Strategy Bad Strategy: The Difference and Why It Matters,Richard P. Rumelt,"Rumelt, Richard P.",,0307886255,9780307886255,4,4.13,Crown Business,Unknown Binding,320,2011,2011,2016/10/28,2016/10/26,,,read,"TLDR: there is a difference between strategy, success metrics and goals. Strategy is what you do to achieve your goals, measured by your success metrics.",,,1,0
17707768,Jony Ive: The Genius Behind Apple's Greatest Products,Leander Kahney,"Kahney, Leander",,159184617X,9781591846178,0,3.98,Portfolio,Hardcover,274,2013,2013,,2016/10/26,to-read,to-read (#4),to-read,,,,0,0
17986418,Naked Statistics: Stripping the Dread from the Data,Charles Wheelan,"Wheelan, Charles",,039334777X,9780393347777,0,3.96,W. W. Norton & Company,Paperback,304,2014,2012,,2016/10/26,,,read,,,,1,0
6828896,"Delivering Happiness: A Path to Profits, Passion, and Purpose",Tony Hsieh,"Hsieh, Tony",,0446563048,9780446563048,4,4.04,Grand Central Publishing,Hardcover,246,2010,2000,2016/10/26,2016/10/22,,,read,Really insightful look at a company with an incredible corporate culture.,,,1,0
15801967,Contagious: Why Things Catch On,Jonah Berger,"Berger, Jonah",,1451686579,9781451686579,2,3.98,Simon & Schuster,Hardcover,210,2013,2013,2016/10/22,2016/10/18,,,read,"This book is perfect for anyone getting into marketing for this first time, and wants a 101 on Content and 'Viral' marketing<br/><br/>The examples used are from viral videos in the late 2000's and very early 2010's. It's hard to take a book seriously when what is written in this book is now commonplace through the internet. <br/><br/>A 2-page TL;DR or 20-slide presentation, would have been a perfect way to digest this instead of reading the entire book. The introduction actually does a pretty good job of doing that.<br/><br/>The entire book revolves around STEPPS, which stands for:<br/><br/>Social currency<br/>Triggers<br/>Emotion<br/>Public<br/>Practical Value<br/>Stories <br/><br/>One sentence summaries of each of the above, and you're done.",,,1,0
26097031,My Story,Steven Gerrard,"Gerrard, Steven",,140592442X,9781405924429,0,4.1,Penguin,Kindle Edition,459,2015,2015,,2016/08/01,to-read,to-read (#3),to-read,,,,0,0
10261138,Carra: My Autobiography,Jamie Carragher,"Carragher, Jamie",Kenny Dalglish,,,5,3.99,,Kindle Edition,410,,2008,2016/08/01,2016/04/29,,,read,,,,1,0
27564376,I am not a salesperson: Succeed in sales by being you,Sana Vasli,"Vasli, Sana",,1500128414,9781500128418,5,4.1,CreateSpace Independent Publishing Platform,Paperback,194,2014,2014,,2016/02/23,,,read,,,,1,0
5941078,Made to Stick: Why Some Ideas Survive and Others Die,Chip Heath,"Heath, Chip",Dan Heath,,,4,3.98,Random House,ebook,291,2007,2006,2016/04/25,2016/02/23,,,read,,,,1,0
7815744,The Upside of Irrationality: The Unexpected Benefits of Defying Logic at Work and at Home,Dan Ariely,"Ariely, Dan",,0061995037,9780061995033,0,4.03,Harper,Hardcover,334,2010,2010,,2016/04/25,to-read,to-read (#2),to-read,,,,0,0
24072267,I Am Not A Salesperson: Succeed in sales by being you,Sana Vasli,"Vasli, Sana",,,,5,4.1,,Kindle Edition,196,2014,2014,,2016/04/25,,,read,,,,1,0
10127019,The Lean Startup,Eric Ries,"Ries, Eric",,0307887898,9780307887894,4,4.11,Best Business,Hardcover,299,2011,2011,,2013/08/24,,,read,,,,1,0
13133452,The Power of Habit: Why We Do What We Do in Life and Business,Charles Duhigg,"Duhigg, Charles",Mike Chamberlain,0307966658,9780307966650,4,4.13,Random House Audio,Audiobook,11,2012,2012,,2013/08/05,,,read,,,,1,0
48019,The Effective Executive: The Definitive Guide to Getting the Right Things Done (Harperbusiness Essentials),Peter F. Drucker,"Drucker, Peter F.",,0060833459,9780060833459,4,4.08,Harper Business,Paperback,208,2006,1966,,2016/02/23,,,read,,,,1,0
18050143,"Zero to One: Notes on Startups, or How to Build the Future",Peter Thiel,"Thiel, Peter",Blake  Masters,0804139296,9780804139298,4,4.15,Crown Currency,Hardcover,195,2014,2014,,2016/02/23,,,read,,,,1,0
2612,The Tipping Point: How Little Things Can Make a Big Difference,Malcolm Gladwell,"Gladwell, Malcolm",,,,4,4.01,Time Warner Book Group,Paperback,301,2002,2000,2013/10/18,2013/08/05,,,read,,,,1,0
15751404,"David and Goliath: Underdogs, Misfits, and the Art of Battling Giants",Malcolm Gladwell,"Gladwell, Malcolm",,0316204366,9780316204361,4,3.97,"Little, Brown and Company",Hardcover,305,2013,2013,,2016/02/23,,,read,,,,1,0
12609433,The Power of Habit: Why We Do What We Do in Life and Business,Charles Duhigg,"Duhigg, Charles",,1400069289,9781400069286,4,4.13,Random House,Hardcover,375,2012,2012,,2016/02/23,,,read,,,,1,0
10054210,The Innovator's DNA: Mastering the Five Skills of Disruptive Innovators,Jeffrey H. Dyer,"Dyer, Jeffrey H.","Hal B. Gregersen, Clayton M. Christensen",1422134814,9781422134818,3,3.97,Harvard Business Review Press,Hardcover,304,2011,,,2016/02/23,,,read,,,,1,0
1713426,Predictably Irrational: The Hidden Forces That Shape Our Decisions,Dan Ariely,"Ariely, Dan",,,,4,4.12,HarperCollins Canada,Hardcover,247,2008,2008,,2016/02/23,,,read,,,,1,0
18656827,"Hatching Twitter: A True Story of Money, Power, Friendship, and Betrayal",Nick Bilton,"Bilton, Nick",,1591846013,9781591846017,5,4.04,Portfolio Hardcover,Hardcover,299,2013,2013,,2016/02/23,,,read,,,,1,0
24724602,Flash Boys: A Wall Street Revolt,Michael   Lewis,"Lewis, Michael",,0393351599,9780393351590,5,4.14,W. W. Norton & Company,Paperback,304,2015,2014,,2016/02/23,,,read,,,,1,0
17346828,The Good Jobs Strategy: How the Smartest Companies Invest in Employees to Lower Costs and Boost Profits,Zeynep Ton,"Ton, Zeynep",,0544114442,9780544114449,4,4.17,New Harvest,Hardcover,240,2014,2015,,2016/02/23,,,read,,,,1,0
23158207,How Google Works,Eric Schmidt,"Schmidt, Eric",Jonathan Rosenberg,,,4,4.05,Grand Central Publishing,ebook,286,2014,2014,,2016/02/23,,,read,,,,1,0
10723236,Start Something That Matters,Blake Mycoskie,"Mycoskie, Blake",,1400069181,9781400069187,4,4.02,Spiegel & Grau,Hardcover,208,2011,2011,,2016/02/23,,,read,,,,1,0
19288230,Scrum: The Art of Doing Twice the Work in Half the Time,Jeff Sutherland,"Sutherland, Jeff",,038534645X,9780385346450,4,4.14,Crown Currency,Hardcover,237,2014,2014,,2016/02/23,,,read,,,,1,0
18077903,"Creativity, Inc.: Overcoming the Unseen Forces That Stand in the Way of True Inspiration",Ed Catmull,"Catmull, Ed",Amy    Wallace,0812993012,9780812993011,4,4.21,Random House,Hardcover,368,2014,2014,,2016/02/23,,,read,,,,1,0
17660462,The Everything Store: Jeff Bezos and the Age of Amazon,Brad Stone,"Stone, Brad",,0316219266,9780316219266,5,4.14,"Little, Brown and Company",Hardcover,384,2013,2013,,2016/02/23,,,read,,,,1,0
22668729,Hooked: How to Build Habit-Forming Products,Nir   Eyal,"Eyal, Nir",Ryan Hoover,1591847788,9781591847786,3,4.12,Portfolio,Hardcover,256,2014,2013,,2016/02/23,,,read,,,,1,0
23019295,When to Rob a Bank: ...And 131 More Warped Suggestions and Well-Intended Rants,Steven D. Levitt,"Levitt, Steven D.",Stephen J. Dubner,0062385321,9780062385321,3,3.53,William Morrow,Hardcover,387,2015,2015,,2016/02/23,,,read,,,,1,0
13592936,Turn The Ship Around!: How to Create Leadership at Every Level,L. David Marquet,"Marquet, L. David",,1608323749,9781608323746,0,4.23,Greenleaf Book Group Llc,Hardcover,238,2012,2013,,2013/09/25,to-read,to-read (#1),to-read,,,,0,0
40102,Blink: The Power of Thinking Without Thinking,Malcolm Gladwell,"Gladwell, Malcolm","Barry Fox, Irina Henegar",0316010669,9780316010665,5,3.96,Back Bay Books,Paperback,296,2007,2005,,2013/08/05,,,read,,,,1,0
3228917,Outliers: The Story of Success,Malcolm Gladwell,"Gladwell, Malcolm",,0316017922,9780316017923,5,4.19,"Little, Brown and Company",Hardcover,309,2008,2008,2013/09/11,2013/08/24,,,read,,,,1,0
81948,The E-myth Revisited,Michael E. Gerber,"Gerber, Michael E.",,0887307280,9780887307287,3,4.07,Harper Collins,Unknown Binding,269,1995,1985,,2013/08/24,,,read,,,,1,0
15824358,The First 90 Days: Critical Success Strategies for New Leaders at All Levels,Michael D. Watkins,"Watkins, Michael D.",,1422188612,9781422188613,4,3.85,Harvard Business Review Press,Hardcover,304,2013,2003,,2013/08/23,,,read,,,,1,0
1303,The 48 Laws of Power,Robert Greene,"Greene, Robert",,0140280197,9780140280197,3,4.09,Penguin Books,Paperback,452,2000,1999,,2013/08/05,,,read,,,,1,0
2848658,Buyology: Truth and Lies About Why We Buy,Martin Lindstrom,"Lindstrom, Martin",Paco Underhill,0385523882,9780385523882,4,3.76,Doubleday,Hardcover,241,2008,2008,,2013/08/05,,,read,,,,1,0
11468377,"Thinking, Fast and Slow",Daniel Kahneman,"Kahneman, Daniel",,0374275637,9780374275631,4,4.17,"Farrar, Straus and Giroux",Hardcover,499,2011,2011,,2013/08/05,,,read,,,,1,0
3860977,How We Decide,Jonah Lehrer,"Lehrer, Jonah",,0618620117,9780618620111,3,3.85,Houghton Mifflin Company,Hardcover,259,2009,2009,,2013/08/05,,,read,,,,1,0
647,No Logo,Naomi Klein,"Klein, Naomi",,0312421435,9780312421434,4,3.89,Picador,Paperback,528,2002,2000,,2013/07/22,,,read,,,,1,0
368593,The 4-Hour Workweek,Timothy Ferriss,"Ferriss, Timothy",,0307353133,9780307353139,5,3.91,Harmony,ebook,308,2007,2007,,2013/07/22,,,read,,,,1,0
6480781,Open,Andre Agassi,"Agassi, Andre","J.R. Moehringer, Андре Агаси",0307268195,9780307268198,5,4.32,Knopf,Hardcover,388,2009,2009,,2013/07/22,,,read,,,,1,0
11084145,Steve Jobs,Walter Isaacson,"Isaacson, Walter",,1451648537,9781451648539,5,4.16,Simon & Schuster,Hardcover,630,2011,2011,,2013/07/22,,,read,,,,1,0
